1,admin@main.com,administrator,jakarta,123456789,null,Male
2,user@mail.com,update name,alamat,085695551507,null,Male
7,user2@user.com,user profile 2,,,null,Male
18,Maye.Watsica45@gmail,Catherine Lind-Schultz,Elm Grove,+15954543918,null,Male
19,Kaleb_Armstrong84@gmail,Cheryl Hills,Cummerata Radial,+18915806232,null,Male
20,Deondre_Wehner@gmail,Wendy Beer IV,McGlynn Drives,+14046417627,null,Male
21,Mallory_Ratke@gmail,Terrance Waters,Jennifer Point,+16777041471,null,Male
22,Kurt.Klocko@gmail,Jerome Halvorson,Fay Parks,+12014374843,null,Male
23,Aron22@gmail,Jason Schaefer,Church Road,+19583554192,null,Male
24,Marta_Feest@gmail,Lucille Metz,Old State Road,+14775925102,null,Male
25,Brock_Spinka@gmail,Marty Thiel II,Durgan Vista,+17775985320,null,Male
26,Deshaun_Dibbert43@gmail,Dr. Christina Hilpert,Tyrique Parkways,+14187664858,null,Male
27,Jameson.White@gmail,Mr. Brian Mohr,Oak Avenue,+12547310351,null,Male
28,Fabio@test.com,Fabio,,1245232124,null,Male
31,insert1@test.com,insert name 1,Address 1,111111111111,null,Female
40,insert2@test.com,insert 2 name,address 2,2222222,null,Female
41,insert3@test.com,insert 3 name,address 2,3333333,null,Female
42,insert4@test.com,insert 4,,444444,null,Female
